1;46820,0;19864
2;53717,0;30434
3;51162,0;32576
4;48731,0;21742
5;51242,0;21650
6;49892,0;33920
7;50256,0;14864
8;51526,0;25737
9;49882,0;19737
10;50927,0;21840
11;51745,0;31488
12;51071,0;33469
13;51886,0;35302
14;48091,0;24027
15;50625,0;37525
16;53033,0;26836
17;51677,0;26071
18;51202,0;26348
19;50694,0;14989
20;48289,0;30218
21;52645,0;27871
22;49279,0;20275
23;52411,0;34597
24;47592,0;25882
25;48688,0;21263
26;48270,0;22013
27;52164,0;33121
28;51528,0;33607
29;46729,0;18212
30;50739,0;39492
31;51454,0;34100
32;51138,0;36308
33;51222,0;17489
34;53799,0;15236
35;48255,0;18220
36;52208,0;26292
37;51769,0;35612
38;50497,0;16570
39;50738,0;21690
40;51908,0;36641
41;53122,0;41623
42;51269,0;25671
43;51167,0;32899
44;50122,0;19232
45;51963,0;19635
46;49264,0;15698
47;51285,0;20676
48;52164,0;30969
49;48310,0;19483
50;52329,0;24898
51;51980,0;37924
52;49750,0;33959
53;52385,0;20490
54;49295,0;33841
55;51183,0;27579
56;53428,0;18676
57;50163,0;13274
58;52423,0;17716
59;51770,0;29454
60;51380,0;27625
61;49601,0;31309
62;48662,0;30514
63;52385,0;29372
64;51893,0;27567
65;51683,0;23701
66;50152,0;35406
67;52149,0;24412
68;49974,0;25053
69;50342,0;28974
70;48803,0;24570
71;51370,0;27662
72;53158,0;27494
73;49517,0;30431
74;50129,0;28867
75;50840,0;18660
76;52718,0;29626
77;50234,0;22380
78;50876,0;20984
79;49818,0;25568
80;49438,0;31291
81;52501,0;28287
82;48761,0;35939
83;50283,0;18956
84;49890,0;24671
85;52139,0;45472
86;49340,0;26144
87;49901,0;19468
88;51933,0;40609
89;52005,0;25275
90;50862,0;35721
91;50921,0;15396
92;54847,0;23244
93;51021,0;28422
94;49969,0;35043
95;51010,0;30255
96;51540,0;35489
97;51194,0;30869
98;52422,0;33129
99;51088,0;15426
100;54879,0;22583
1;54357,0;31512
2;49594,0;29453
3;53636,0;32511
4;52771,0;25663
5;53510,0;26685
6;50179,0;18480
7;53423,0;20739
8;55380,0;23317
9;51879,0;20306
10;53796,0;21966
11;53127,0;23150
12;53309,0;35590
13;53956,0;38003
14;53396,0;25024
15;51179,0;26965
16;53374,0;22775
17;51076,0;27601
18;57251,0;31066
19;55843,0;22606
20;54338,0;29897
21;53268,0;18063
22;55369,0;19702
23;49028,0;31703
24;54413,0;20080
25;55159,0;27615
26;51064,0;25850
27;50194,0;27304
28;50730,0;19234
29;52493,0;26975
30;53306,0;30655
31;54519,0;26789
32;55221,0;23422
33;53060,0;39574
34;54219,0;21978
35;53517,0;21332
36;55551,0;24838
37;52404,0;38914
38;52846,0;30768
39;54320,0;20121
40;52868,0;30077
41;53587,0;36542
42;52880,0;34272
43;54353,0;19519
44;51071,0;33572
45;56240,0;26475
46;54629,0;24624
47;50788,0;25716
48;53292,0;27831
49;55297,0;16438
50;54114,0;20087
51;54060,0;18185
52;53656,0;31552
53;51236,0;27175
54;53058,0;18804
55;52939,0;32088
56;50848,0;20849
57;49581,0;15969
58;52769,0;33386
59;53313,0;33564
60;52084,0;41355
61;53695,0;30080
62;54979,0;24069
63;54007,0;30342
64;51545,0;21051
65;55487,0;34903
66;51860,0;32135
67;52241,0;31784
68;53394,0;14595
69;50342,0;21840
70;51748,0;23326
71;50911,0;53611
72;50342,0;15865
73;49104,0;20296
74;50667,0;20360
75;53502,0;24909
76;53158,0;42434
77;55151,0;26111
78;54428,0;26373
79;52758,0;38372
80;54606,0;28366
81;55071,0;22651
82;52454,0;30792
83;52289,0;20515
84;50849,0;28310
85;57580,0;19092
86;55122,0;20084
87;51408,0;27316
88;52931,0;24540
89;52208,0;31705
90;54381,0;31640
91;54434,0;16977
92;57088,0;48710
93;56441,0;25771
94;52714,0;30515
95;53037,0;27913
96;53491,0;31895
97;54964,0;33781
98;54183,0;27590
99;50735,0;33172
100;56973,0;19820
1;57274,0;23958
2;57626,0;21658
3;56939,0;21823
4;55815,0;35817
5;57256,0;27949
6;57139,0;23777
7;56146,0;19325
8;56870,0;39700
9;57331,0;40200
10;55451,0;27812
11;56738,0;25222
12;55163,0;42215
13;57805,0;25778
14;54267,0;29407
15;54767,0;20651
16;58030,0;39441
17;59115,0;40291
18;56273,0;30091
19;52882,0;15498
20;54505,0;21407
21;54157,0;25210
22;57604,0;18317
23;56930,0;22423
24;55726,0;26740
25;57016,0;30163
26;54450,0;24323
27;58353,0;16852
28;56701,0;31836
29;56402,0;16027
30;56829,0;12667
31;56633,0;23403
32;60826,0;22592
33;58054,0;27004
34;57628,0;23013
35;55048,0;26155
36;57607,0;35195
37;59086,0;23906
38;56705,0;32086
39;58335,0;32784
40;61821,0;26629
41;55970,0;26377
42;52818,0;17807
43;54581,0;19715
44;55731,0;15743
45;54853,0;34080
46;55029,0;24880
47;56885,0;33575
48;60277,0;31361
49;55754,0;25416
50;59488,0;23830
51;56240,0;17738
52;55710,0;22875
53;57342,0;17628
54;55762,0;22737
55;56616,0;19624
56;56726,0;24365
57;55748,0;25269
58;55972,0;18514
59;56458,0;34500
60;55531,0;31608
61;56237,0;34953
62;56383,0;27642
63;57696,0;18084
64;52972,0;27522
65;49624,0;14176
66;55398,0;32854
67;55395,0;21296
68;55035,0;29253
69;58687,0;16876
70;54678,0;29240
71;55684,0;27111
72;53632,0;25963
73;60156,0;24405
74;57022,0;17485
75;55142,0;25493
76;57050,0;31363
77;57802,0;15014
78;57026,0;25171
79;56095,0;29625
80;57327,0;32736
81;54952,0;27237
82;55982,0;25534
83;53414,0;36838
84;57049,0;30527
85;54729,0;39040
86;56920,0;21435
87;59607,0;26795
88;60008,0;31902
89;57018,0;20430
90;58756,0;38117
91;59031,0;31392
92;56925,0;23462
93;57357,0;18485
94;54361,0;27158
95;56285,0;25087
96;56950,0;21060
97;57234,0;30231
98;56535,0;29440
99;54661,0;17178
100;59066,0;31215
1;57105,0;22281
2;62594,0;27340
3;60510,0;34708
4;60126,0;19753
5;58637,0;23092
6;61717,0;48987
7;60048,0;20869
8;57566,0;29198
9;59711,0;26207
10;58255,0;28034
11;59417,0;20840
12;62717,0;23098
13;63118,0;37682
14;61013,0;22623
15;59556,0;22560
16;62137,0;44725
17;57249,0;39100
18;61096,0;23870
19;59753,0;30902
20;61469,0;38746
21;61713,0;24456
22;62655,0;21259
23;58965,0;14109
24;60832,0;23579
25;57919,0;36733
26;60949,0;18776
27;62694,0;19996
28;60373,0;35136
29;61930,0;26682
30;59411,0;24061
31;61360,0;19809
32;62511,0;28963
33;61157,0;25138
34;61789,0;24197
35;60509,0;32066
36;59357,0;16698
37;62639,0;19720
38;59929,0;35232
39;61805,0;40845
40;63735,0;30163
41;57505,0;42781
42;62703,0;20014
43;61175,0;17698
44;61432,0;34014
45;56095,0;27530
46;60605,0;17080
47;57141,0;22502
48;60837,0;36782
49;57292,0;21253
50;65279,0;31664
51;62361,0;16902
52;61440,0;20539
53;60012,0;24045
54;59612,0;38633
55;58588,0;26723
56;61422,0;18747
57;61139,0;23203
58;63981,0;18750
59;59406,0;24858
60;55744,0;24339
61;63776,0;49957
62;59293,0;36783
63;60988,0;19851
64;60072,0;26244
65;65597,0;31994
66;62651,0;22302
67;58243,0;18569
68;59938,0;29119
69;56651,0;36370
70;59748,0;18131
71;60821,0;34621
72;62285,0;28002
73;61184,0;26417
74;58436,0;32971
75;60569,0;22577
76;61241,0;19667
77;60845,0;39349
78;54685,0;30757
79;59624,0;40033
80;60681,0;16732
81;59132,0;28223
82;60843,0;29663
83;61031,0;28249
84;58857,0;42538
85;59886,0;30185
86;63947,0;30479
87;61133,0;16305
88;59303,0;41193
89;57933,0;29422
90;58321,0;19575
91;59060,0;20512
92;61234,0;21966
93;59979,0;28976
94;61107,0;19125
95;61855,0;32273
96;63387,0;31344
97;64321,0;36931
98;59071,0;29512
99;62673,0;23795
100;61982,0;43471
1;65736,0;27723
2;66075,0;20973
3;67254,0;36886
4;73929,0;24190
5;66793,0;22592
6;71862,0;25667
7;71892,0;25846
8;65652,0;35144
9;70828,0;44220
10;68337,0;25178
11;71535,0;27575
12;69952,0;27318
13;64650,0;18828
14;63817,0;25402
15;66900,0;22393
16;69539,0;21674
17;69538,0;25409
18;72941,0;34441
19;69213,0;22367
20;66382,0;24148
21;68783,0;17250
22;66542,0;36089
23;67145,0;36002
24;69289,0;20261
25;68979,0;43331
26;66205,0;27071
27;67059,0;26092
28;67074,0;47692
29;76621,0;19732
30;66916,0;34626
31;66898,0;21775
32;63531,0;43457
33;64819,0;20828
34;68443,0;22693
35;68656,0;20201
36;69508,0;26390
37;82332,0;23123
38;68685,0;18138
39;66726,0;27033
40;68218,0;24325
41;69911,0;24647
42;63414,0;29929
43;73215,0;28177
44;80628,0;18896
45;61481,0;34888
46;68646,0;29007
47;70283,0;33111
48;68559,0;21758
49;68771,0;23333
50;65804,0;22196
51;75519,0;24135
52;72597,0;21023
53;68306,0;16317
54;66331,0;38311
55;69136,0;18191
56;64569,0;19368
57;67458,0;31233
58;67843,0;44576
59;65178,0;28034
60;66710,0;20666
61;72217,0;26531
62;68670,0;35905
63;64698,0;19230
64;69792,0;24340
65;69205,0;34189
66;68983,0;25874
67;70221,0;14951
68;66803,0;20487
69;66612,0;25104
70;66745,0;25971
71;67568,0;36165
72;66700,0;25123
73;69554,0;31924
74;66942,0;24182
75;76961,0;25601
76;67977,0;17160
77;67477,0;23276
78;68697,0;29061
79;74992,0;21422
80;68372,0;35027
81;68066,0;21418
82;73174,0;34825
83;66679,0;16766
84;68326,0;30868
85;76813,0;17521
86;70179,0;22055
87;72126,0;30954
88;67982,0;32836
89;66940,0;19966
90;71718,0;29358
91;72418,0;18877
92;73570,0;34535
93;71846,0;25219
94;65102,0;33208
95;68766,0;26732
96;68712,0;25822
97;69159,0;32148
98;70831,0;30682
99;71113,0;28256
100;70673,0;32939
1;72556,0;27439
2;66037,0;23101
3;71195,0;31004
4;67647,0;27082
5;71071,0;32091
6;73927,0;41834
7;76257,0;31641
8;65449,0;19724
9;70832,0;28950
10;68191,0;38118
11;72969,0;26980
12;70550,0;22396
13;75244,0;25898
14;69453,0;35954
15;62543,0;24064
16;69232,0;17294
17;67962,0;25094
18;69122,0;25333
19;69132,0;26659
20;75107,0;20550
21;68527,0;36036
22;68037,0;27685
23;68894,0;20248
24;73140,0;21440
25;74864,0;24012
26;70198,0;31683
27;70472,0;17657
28;67651,0;25385
29;69206,0;17430
30;69839,0;26555
31;68773,0;41070
32;80587,0;35509
33;72559,0;15591
34;70147,0;28219
35;70923,0;21034
36;71941,0;21920
37;71565,0;24939
38;66094,0;25482
39;66759,0;36035
40;67384,0;18102
41;68047,0;24706
42;72971,0;19237
43;69387,0;18929
44;69924,0;26942
45;69798,0;20752
46;68076,0;27988
47;67605,0;33900
48;69716,0;21226
49;69194,0;25989
50;73576,0;36057
51;69926,0;31088
52;70858,0;19022
53;69441,0;24818
54;66598,0;31051
55;69162,0;31186
56;66153,0;18978
57;66276,0;24242
58;68174,0;24718
59;70229,0;23931
60;70429,0;25894
61;65598,0;36932
62;69210,0;24404
63;66773,0;22410
64;68677,0;21635
65;68381,0;22024
66;68655,0;23467
67;67578,0;27809
68;68949,0;25443
69;70657,0;40601
70;72401,0;33861
71;71420,0;31366
72;66777,0;23854
73;69064,0;25736
74;69957,0;24755
75;69479,0;24234
76;70252,0;22404
77;69627,0;24304
78;67475,0;31333
79;69615,0;23217
80;67346,0;34280
81;69404,0;45331
82;69251,0;20250
83;68234,0;21289
84;70741,0;26010
85;74032,0;23451
86;66085,0;20786
87;76832,0;21554
88;74689,0;20281
89;67941,0;23318
90;69551,0;23497
91;66646,0;17616
92;70769,0;22718
93;70462,0;36798
94;73235,0;28169
95;66171,0;27623
96;67807,0;17495
97;70492,0;31823
98;68070,0;23526
99;70160,0;27467
100;73546,0;26928
1;70040,0;26791
2;69619,0;22433
3;67451,0;17461
4;69322,0;28142
5;69197,0;27728
6;70540,0;23054
7;69719,0;29492
8;65068,0;23995
9;71187,0;28097
10;67611,0;34754
11;67734,0;20998
12;69654,0;16572
13;74556,0;19094
14;69953,0;20887
15;67946,0;21988
16;69667,0;28003
17;65912,0;30372
18;69058,0;23615
19;66577,0;32493
20;70660,0;30368
21;70908,0;27965
22;66047,0;21972
23;69197,0;27420
24;69695,0;37741
25;69453,0;32443
26;71910,0;32086
27;70121,0;23620
28;70846,0;25606
29;67882,0;35020
30;71419,0;15157
31;70270,0;23170
32;69621,0;31384
33;72112,0;36212
34;70386,0;36240
35;68102,0;21679
36;70397,0;23090
37;68071,0;23351
38;68208,0;30512
39;66055,0;19251
40;67105,0;37258
41;70140,0;22144
42;67513,0;25740
43;67961,0;30805
44;67069,0;30475
45;71963,0;27589
46;64563,0;49563
47;67675,0;26012
48;71311,0;27299
49;72114,0;24290
50;69021,0;26880
51;69061,0;14358
52;73528,0;19186
53;69444,0;25871
54;64897,0;37796
55;66069,0;19376
56;70075,0;13892
57;67332,0;32318
58;68081,0;21341
59;68846,0;27026
60;70500,0;39224
61;67632,0;17586
62;68025,0;14503
63;68298,0;31599
64;66892,0;40216
65;69018,0;13101
66;69888,0;21501
67;66917,0;23681
68;69119,0;38054
69;67628,0;19302
70;69293,0;26007
71;69406,0;22600
72;67024,0;27001
73;67156,0;27062
74;67546,0;15470
75;67397,0;17982
76;66135,0;16990
77;70045,0;20923
78;70164,0;31803
79;68016,0;21665
80;70332,0;43205
81;67875,0;22607
82;69316,0;38010
83;70453,0;28152
84;66152,0;26399
85;76257,0;12947
86;75969,0;39908
87;68215,0;32816
88;72170,0;32436
89;73490,0;23609
90;70265,0;20922
91;69342,0;36815
92;70173,0;27692
93;69319,0;31093
94;70935,0;25953
95;71795,0;23191
96;64828,0;20241
97;67660,0;22803
98;66540,0;25061
99;67074,0;21320
100;71791,0;30161
1;77197,0;24717
2;71778,0;40764
3;71494,0;16956
4;72575,0;16427
5;74612,0;18832
6;74041,0;47773
7;75875,0;31313
8;72059,0;16282
9;76479,0;32637
10;74946,0;23812
11;76369,0;27835
12;73943,0;26503
13;72926,0;33722
14;74944,0;21705
15;73376,0;26853
16;72595,0;21839
17;71363,0;46842
18;70945,0;17110
19;79779,0;21303
20;73721,0;18501
21;74742,0;30555
22;71002,0;27219
23;75147,0;20537
24;71388,0;29089
25;78038,0;38240
26;70074,0;21694
27;73624,0;26939
28;72291,0;33181
29;73826,0;38806
30;72975,0;37594
31;75616,0;24948
32;74196,0;37180
33;73748,0;25700
34;73831,0;23734
35;73294,0;26642
36;71515,0;15973
37;72819,0;21874
38;73394,0;22016
39;72886,0;16423
40;70936,0;26111
41;71241,0;30763
42;74973,0;45055
43;74897,0;23742
44;73134,0;20755
45;73716,0;25503
46;72597,0;24157
47;73553,0;23928
48;73233,0;23613
49;74230,0;47346
50;73276,0;25105
51;76658,0;22189
52;72211,0;14151
53;71675,0;41003
54;75306,0;24561
55;72928,0;25695
56;72367,0;20045
57;72626,0;19552
58;73135,0;26624
59;76801,0;45381
60;72364,0;30104
61;72756,0;32130
62;72506,0;25064
63;75206,0;36095
64;73706,0;27765
65;74989,0;24749
66;75473,0;35101
67;74416,0;31871
68;71962,0;18432
69;76347,0;22060
70;74188,0;23660
71;75357,0;24442
72;74307,0;37363
73;73491,0;29143
74;74525,0;25714
75;74414,0;24345
76;77574,0;45789
77;75300,0;25107
78;76180,0;26018
79;74001,0;26746
80;73947,0;17886
81;73015,0;42117
82;72732,0;30948
83;73793,0;21312
84;72727,0;25940
85;73137,0;18695
86;76339,0;32123
87;71933,0;32429
88;75135,0;18267
89;72781,0;23605
90;73577,0;22039
91;72003,0;27027
92;72735,0;25317
93;74967,0;22891
94;71473,0;21302
95;73569,0;31926
96;73481,0;26281
97;74805,0;13181
98;73934,0;14888
99;73865,0;27870
100;73681,0;19526
1;71112,0;16695
2;78796,0;20949
3;70785,0;19589
4;76594,0;18567
5;79727,0;24213
6;72225,0;21402
7;73838,0;20711
8;78393,0;22427
9;78377,0;22234
10;76337,0;44248
11;72751,0;27341
12;79988,0;22836
13;75290,0;28981
14;75940,0;19216
15;75116,0;17086
16;78726,0;26786
17;72823,0;37447
18;72526,0;24658
19;78749,0;25092
20;70890,0;29119
21;69779,0;22623
22;78117,0;23312
23;76870,0;28419
24;63463,0;35884
25;76826,0;36662
26;76633,0;27022
27;77195,0;16650
28;68551,0;26965
29;79983,0;31291
30;80497,0;39287
31;72050,0;46537
32;77645,0;34327
33;74978,0;36205
34;77931,0;29512
35;69428,0;45994
36;77394,0;24705
37;75497,0;14491
38;73038,0;35391
39;82707,0;40405
40;77520,0;28325
41;51887,0;27014
42;74902,0;22760
43;75763,0;24918
44;74740,0;38378
45;77068,0;29381
46;75160,0;40180
47;69913,0;21999
48;74899,0;26864
49;82261,0;34562
50;84436,0;30702
51;74759,0;25221
52;73102,0;23794
53;72991,0;36250
54;74658,0;28396
55;77916,0;34771
56;81098,0;19684
57;78992,0;23699
58;70565,0;31944
59;77837,0;19762
60;79244,0;33000
61;70126,0;36794
62;76147,0;20677
63;75011,0;31927
64;80318,0;28921
65;80533,0;33175
66;75385,0;28934
67;75969,0;21542
68;77032,0;28216
69;71818,0;18251
70;72474,0;13646
71;71572,0;23454
72;80666,0;26420
73;71630,0;27591
74;74818,0;27421
75;63349,0;16497
76;77032,0;26681
77;79492,0;23972
78;74033,0;22672
79;77690,0;25364
80;71034,0;26164
81;70886,0;35515
82;77482,0;16121
83;79092,0;27976
84;75999,0;30908
85;81108,0;27340
86;79553,0;41265
87;79824,0;22776
88;77226,0;35735
89;75571,0;18496
90;61602,0;23009
91;78631,0;21942
92;78543,0;28643
93;78236,0;20684
94;72069,0;16142
95;70878,0;39094
96;75157,0;29770
97;77206,0;23651
98;68403,0;18473
99;73981,0;36100
100;79994,0;22128
1;77995,0;26680
2;79960,0;20835
3;84111,0;35430
4;82319,0;13901
5;87377,0;24505
6;84312,0;29410
7;88293,0;44516
8;78556,0;25902
9;77994,0;44546
10;80510,0;34664
11;83372,0;23525
12;83475,0;26369
13;84498,0;20697
14;82191,0;25351
15;80371,0;23382
16;82745,0;34558
17;78757,0;41198
18;83055,0;13523
19;81903,0;20920
20;79429,0;18898
21;84757,0;27455
22;80830,0;26526
23;79374,0;41621
24;79028,0;23612
25;84037,0;34934
26;84437,0;15410
27;78857,0;19529
28;84355,0;29173
29;81592,0;19077
30;80678,0;20002
31;82544,0;32500
32;80649,0;39022
33;80898,0;23380
34;80925,0;14194
35;82462,0;43532
36;82811,0;21249
37;81576,0;33145
38;79607,0;25855
39;78174,0;26106
40;79212,0;26694
41;84910,0;18334
42;79716,0;43996
43;80166,0;44660
44;80467,0;24249
45;79625,0;23886
46;79378,0;15484
47;80580,0;28434
48;79792,0;29853
49;80138,0;33271
50;79066,0;36685
51;80626,0;29515
52;84854,0;50139
53;81051,0;30803
54;82593,0;28188
55;81277,0;28670
56;83434,0;48820
57;80995,0;39723
58;79897,0;27308
59;82235,0;14916
60;82669,0;44242
61;79091,0;25773
62;81316,0;31514
63;85417,0;20635
64;85960,0;25860
65;83894,0;18223
66;82938,0;18543
67;82473,0;25107
68;82843,0;19649
69;80691,0;55110
70;84790,0;19724
71;78959,0;25216
72;77484,0;22228
73;78689,0;20531
74;84720,0;51267
75;78725,0;27712
76;81120,0;30642
77;81542,0;27536
78;81278,0;33028
79;83424,0;24973
80;81974,0;28651
81;82482,0;26264
82;81739,0;41858
83;81609,0;34973
84;85323,0;31305
85;80356,0;38555
86;81812,0;40004
87;79869,0;24876
88;82869,0;29821
89;81383,0;30543
90;78556,0;36713
91;79350,0;34255
92;81053,0;23447
93;82029,0;18205
94;80332,0;25493
95;80938,0;23557
96;82507,0;23005
97;84189,0;44104
98;79036,0;29213
99;84319,0;35039
100;83894,0;40582
1;82243,0;31066
2;81700,0;34805
3;82173,0;19916
4;82487,0;27488
5;83518,0;28769
6;83781,0;17911
7;82916,0;29513
8;85135,0;28161
9;83356,0;18139
10;86964,0;21413
11;84679,0;28023
12;83227,0;29764
13;83127,0;18682
14;81723,0;37774
15;81185,0;35110
16;84553,0;20337
17;81222,0;16258
18;83505,0;28943
19;82490,0;49979
20;84574,0;22451
21;82672,0;27269
22;82372,0;33058
23;83101,0;33220
24;85344,0;18927
25;82718,0;18193
26;85290,0;22284
27;84095,0;24144
28;83477,0;20497
29;84286,0;35475
30;84424,0;44389
31;82112,0;21283
32;80943,0;18628
33;81643,0;23054
34;84499,0;22940
35;84623,0;28665
36;82501,0;21333
37;84054,0;23505
38;84469,0;29864
39;84853,0;18681
40;84406,0;29104
41;83724,0;35705
42;84537,0;18333
43;86103,0;21257
44;83494,0;17246
45;83469,0;23620
46;81231,0;18101
47;82429,0;20004
48;85705,0;32700
49;83235,0;28939
50;82388,0;28903
51;81406,0;17539
52;84655,0;47542
53;88073,0;31334
54;85123,0;23044
55;83302,0;27287
56;83031,0;27867
57;83798,0;25126
58;83745,0;30288
59;84778,0;19230
60;82528,0;25575
61;85211,0;34400
62;82736,0;29554
63;84797,0;22108
64;83577,0;19192
65;86117,0;22821
66;81927,0;35420
67;84618,0;15208
68;83086,0;28361
69;81504,0;19337
70;83808,0;34354
71;82465,0;27248
72;87721,0;24618
73;83752,0;22865
74;84918,0;29356
75;84458,0;21401
76;82713,0;23536
77;84230,0;42094
78;84632,0;27319
79;83286,0;38116
80;83756,0;24271
81;82199,0;18918
82;88526,0;24274
83;84544,0;20987
84;83298,0;26829
85;89307,0;32377
86;80839,0;22222
87;81794,0;21914
88;83121,0;34706
89;83127,0;35700
90;85685,0;32454
91;83111,0;29876
92;83985,0;21034
93;84112,0;22456
94;84621,0;19547
95;83589,0;22174
96;83361,0;33990
97;82615,0;28000
98;82410,0;33820
99;83738,0;33183
100;83059,0;25686
1;95932,0;23099
2;92490,0;25185
3;89634,0;25150
4;91379,0;45106
5;84567,0;26639
6;91319,0;32474
7;90766,0;20877
8;78757,0;25314
9;93020,0;22654
10;95766,0;22845
11;97542,0;30250
12;77409,0;23542
13;95825,0;23461
14;97806,0;21128
15;85828,0;14628
16;91108,0;28832
17;91686,0;20024
18;91467,0;25490
19;87012,0;24996
20;93073,0;48094
21;90384,0;25930
22;103313,0;20494
23;90533,0;26206
24;92491,0;22765
25;99604,0;30892
26;97891,0;21265
27;83551,0;29265
28;82980,0;24199
29;90461,0;29157
30;88497,0;47386
31;87634,0;25364
32;88961,0;20682
33;89155,0;30229
34;91317,0;29880
35;92892,0;19055
36;89725,0;27608
37;90025,0;32853
38;95943,0;37368
39;91065,0;24058
40;85312,0;28550
41;96841,0;29930
42;95668,0;40802
43;93868,0;24711
44;95954,0;9198
45;90581,0;20811
46;94194,0;28909
47;88350,0;19598
48;78385,0;26752
49;84681,0;26306
50;90626,0;32664
51;94359,0;21594
52;93309,0;51317
53;92561,0;24712
54;93797,0;22870
55;89037,0;28125
56;92040,0;27283
57;93498,0;23953
58;94223,0;27663
59;87876,0;29677
60;96341,0;29437
61;93786,0;22794
62;95888,0;23498
63;90566,0;20065
64;93878,0;26162
65;93852,0;27626
66;92885,0;28055
67;91180,0;21649
68;93111,0;23676
69;90896,0;20611
70;91014,0;28645
71;98488,0;21104
72;95367,0;20774
73;83961,0;23255
74;93026,0;26264
75;91798,0;21093
76;91160,0;34343
77;79591,0;32164
78;91487,0;17568
79;91262,0;20018
80;93007,0;19970
81;95095,0;30015
82;95747,0;33702
83;89267,0;30281
84;95131,0;28071
85;84591,0;26646
86;90819,0;30421
87;96957,0;34592
88;90807,0;22103
89;91930,0;17447
90;89422,0;30315
91;94697,0;19640
92;97354,0;25607
93;86314,0;30733
94;98251,0;36367
95;87295,0;22413
96;87880,0;15815
97;87169,0;22725
98;92081,0;25036
99;93341,0;28672
100;93050,0;26824
1;96522,0;32596
2;94373,0;27398
3;94148,0;22480
4;86896,0;26134
5;94066,0;46060
6;95984,0;39151
7;92097,0;26449
8;99057,0;25885
9;96787,0;26338
10;92975,0;28638
11;93543,0;26490
12;96498,0;47490
13;89175,0;21951
14;89584,0;36233
15;95890,0;28854
16;90941,0;20221
17;92859,0;21407
18;92885,0;39828
19;94517,0;22553
20;100178,0;20948
21;90917,0;26465
22;97013,0;26574
23;94792,0;28862
24;85658,0;29393
25;88075,0;28791
26;94011,0;20457
27;93906,0;26831
28;95975,0;24223
29;93519,0;18362
30;89387,0;24285
31;91942,0;14734
32;93129,0;26924
33;92429,0;18768
34;92674,0;19918
35;95098,0;40067
36;100754,0;33030
37;94351,0;28121
38;89477,0;24511
39;91925,0;18522
40;91481,0;15278
41;88774,0;26688
42;92370,0;21750
43;93437,0;27541
44;102874,0;33454
45;94844,0;24290
46;95594,0;14775
47;92586,0;22244
48;88247,0;20940
49;94476,0;27753
50;98865,0;22404
51;92901,0;27046
52;94150,0;26422
53;92863,0;23570
54;94242,0;21901
55;94479,0;35616
56;91712,0;15798
57;92079,0;27116
58;93939,0;41583
59;95872,0;43660
60;93624,0;26834
61;92250,0;21457
62;93658,0;23387
63;91590,0;20303
64;91061,0;17082
65;87911,0;33302
66;95406,0;24793
67;93646,0;46473
68;95936,0;58342
69;92660,0;16813
70;95978,0;27657
71;96337,0;19763
72;89242,0;37535
73;97177,0;31998
74;93588,0;15141
75;89948,0;26694
76;93030,0;38493
77;93291,0;23296
78;88241,0;22717
79;85995,0;20481
80;90906,0;17628
81;91534,0;37416
82;98890,0;24757
83;91553,0;17877
84;97060,0;24598
85;92855,0;18888
86;86066,0;17131
87;93582,0;19502
88;93541,0;20867
89;91524,0;22217
90;101502,0;24699
91;89652,0;23783
92;86459,0;31551
93;93561,0;32856
94;85826,0;22292
95;96558,0;39799
96;92677,0;35110
97;96021,0;25262
98;95747,0;35047
99;96051,0;23255
100;90918,0;45068
1;116186,0;38561
2;121749,0;27459
3;115005,0;34777
4;114886,0;22431
5;112105,0;24347
6;108711,0;22308
7;119529,0;43800
8;108798,0;19662
9;116438,0;49240
10;115282,0;27751
11;109744,0;30599
12;115370,0;28972
13;112851,0;25108
14;120446,0;25472
15;104879,0;26066
16;108862,0;35088
17;113903,0;14883
18;108884,0;29958
19;109287,0;30665
20;118309,0;30486
21;111101,0;13080
22;108344,0;24246
23;109621,0;24721
24;120305,0;18121
25;114226,0;42134
26;110365,0;20088
27;110470,0;45687
28;109865,0;23315
29;108416,0;35228
30;109689,0;19905
31;113924,0;39346
32;111650,0;21277
33;106972,0;38353
34;115059,0;27446
35;109626,0;21784
36;119912,0;26217
37;121299,0;17753
38;110064,0;30595
39;115729,0;37492
40;114678,0;21291
41;113480,0;23840
42;111172,0;29178
43;122057,0;22085
44;112779,0;28629
45;116431,0;18909
46;108768,0;40889
47;108799,0;23075
48;113921,0;21620
49;110564,0;15842
50;111309,0;42402
51;107146,0;38411
52;113785,0;30902
53;120338,0;21355
54;108755,0;36092
55;105593,0;40271
56;116093,0;24073
57;116698,0;27248
58;113639,0;25846
59;121617,0;16477
60;114577,0;28647
61;109671,0;30499
62;108481,0;29239
63;117823,0;23280
64;116288,0;24487
65;109924,0;27279
66;117096,0;23660
67;113815,0;30999
68;111426,0;28123
69;109924,0;21310
70;109596,0;43393
71;108129,0;28777
72;120371,0;18923
73;110530,0;32215
74;111455,0;26974
75;111225,0;14425
76;108567,0;30575
77;114019,0;40915
78;110236,0;24870
79;112702,0;15431
80;103512,0;28344
81;110647,0;46028
82;109161,0;26526
83;108475,0;28866
84;113328,0;34687
85;107028,0;19797
86;112375,0;44859
87;100418,0;22286
88;109923,0;42393
89;110219,0;26750
90;106373,0;37845
91;109661,0;22825
92;109751,0;27343
93;109862,0;24963
94;109244,0;21281
95;108768,0;18978
96;121506,0;14680
97;102955,0;24670
98;107555,0;22296
99;112268,0;29645
100;112792,0;28235
1;107405,0;23456
2;99623,0;38235
3;102507,0;21162
4;103923,0;27300
5;108768,0;20302
6;107676,0;22799
7;107828,0;23410
8;101125,0;17332
9;106510,0;26606
10;108833,0;17183
11;111649,0;24052
12;104286,0;34632
13;110211,0;28341
14;104774,0;38260
15;106955,0;21650
16;101682,0;21180
17;116214,0;25001
18;112840,0;20025
19;116467,0;20932
20;115888,0;25765
21;101925,0;32737
22;111110,0;24673
23;108998,0;28724
24;106397,0;28940
25;99317,0;36015
26;110708,0;22962
27;106823,0;26250
28;105808,0;21470
29;106578,0;28024
30;111529,0;33390
31;115946,0;30822
32;111607,0;35107
33;109122,0;34603
34;104119,0;19053
35;104553,0;24749
36;109532,0;26989
37;101627,0;26814
38;108774,0;20898
39;105693,0;23370
40;110527,0;22493
41;115381,0;33357
42;99290,0;40971
43;107822,0;22775
44;112726,0;19867
45;105791,0;20652
46;109790,0;50225
47;111956,0;21230
48;120005,0;18880
49;103610,0;23108
50;105317,0;34183
51;106883,0;33946
52;105267,0;26038
53;112359,0;22011
54;97834,0;20480
55;113615,0;21951
56;105194,0;30331
57;102053,0;36198
58;107605,0;32600
59;112595,0;36110
60;111712,0;27631
61;112416,0;34865
62;101692,0;26563
63;109487,0;39535
64;113283,0;22020
65;99714,0;28667
66;101129,0;22385
67;104846,0;33258
68;110415,0;22642
69;118467,0;25044
70;102391,0;17391
71;107659,0;16996
72;109443,0;35333
73;105984,0;19425
74;102716,0;32395
75;104961,0;35875
76;112659,0;34967
77;110054,0;23010
78;102756,0;20025
79;108298,0;18332
80;110269,0;32942
81;107143,0;24681
82;111219,0;15712
83;103285,0;32878
84;105221,0;26094
85;103051,0;23333
86;102792,0;18829
87;111399,0;16781
88;102865,0;24086
89;106126,0;25962
90;106599,0;31016
91;105703,0;13719
92;96663,0;23938
93;104978,0;38054
94;104069,0;28400
95;109365,0;31300
96;104699,0;33456
97;108298,0;31225
98;103354,0;20359
99;115645,0;45967
100;107097,0;24769
1;113810,0;21492
2;107573,0;26768
3;103189,0;19785
4;108549,0;26902
5;110502,0;15223
6;108945,0;29123
7;121614,0;25287
8;109208,0;27597
9;111876,0;24412
10;113405,0;17312
11;116040,0;14654
12;102623,0;34101
13;113218,0;27690
14;108715,0;30051
15;106368,0;43042
16;129242,0;27275
17;119781,0;17196
18;112376,0;32093
19;104755,0;24299
20;117057,0;23111
21;115023,0;18796
22;112823,0;27046
23;113715,0;22242
24;117234,0;20893
25;113842,0;22761
26;107774,0;29133
27;111467,0;21817
28;118693,0;26527
29;102242,0;28976
30;112199,0;28552
31;112138,0;15086
32;114115,0;31227
33;108443,0;28485
34;103683,0;30640
35;108062,0;24921
36;111453,0;13859
37;113787,0;33130
38;106778,0;31566
39;118744,0;23143
40;116674,0;29845
41;112757,0;19090
42;120055,0;31792
43;111158,0;21910
44;110958,0;34678
45;113757,0;28425
46;110222,0;25659
47;117938,0;21681
48;116952,0;25930
49;109613,0;21437
50;111544,0;43559
51;118623,0;18959
52;103381,0;32996
53;110335,0;21588
54;116281,0;24295
55;115858,0;24013
56;110464,0;32423
57;104266,0;35496
58;114711,0;22731
59;113475,0;24102
60;116788,0;23376
61;116443,0;24684
62;109811,0;30332
63;107334,0;20920
64;106841,0;29061
65;113446,0;22039
66;120560,0;35541
67;110887,0;17012
68;120887,0;17134
69;119562,0;17725
70;107450,0;23003
71;108447,0;22476
72;110241,0;38027
73;112652,0;27444
74;113577,0;35145
75;110617,0;18722
76;108861,0;35584
77;107589,0;36121
78;109128,0;36280
79;111251,0;26137
80;114517,0;19095
81;123488,0;16542
82;113720,0;22350
83;114359,0;21304
84;115805,0;26537
85;111920,0;41299
86;109582,0;23428
87;112074,0;27179
88;101495,0;25612
89;110088,0;25810
90;108725,0;37262
91;110449,0;16818
92;116096,0;24958
93;115205,0;34929
94;99959,0;31105
95;109248,0;26920
96;120479,0;25394
97;110114,0;21441
98;112532,0;31775
99;109312,0;35062
100;118792,0;23795
